Part Number,Part Name,Location,Qty,Reorder Point,Cost,Category,Taxed When Ordering,
0140950,"Bearing RC | Steel | 1""",I3,64.00,20.00,$2.42,Bearing - RC,FALSE,Total Warehouse Value
0140844,"Bearing RC | Retainer | 1""",I4,41.00,20.00,$1.06,Bearing - RC,FALSE,"$53,080.78"
1033071,Bottom Bracket | Residential | Pair | SBB-1Brackets,T3,6.00,5.00,$6.24,Bottom Bracket - Res,FALSE,
0120342,Bottom Bracket | Residential | LH | SRBB-75,J3,0.00,0.00,$2.71,Bottom Bracket - Res,FALSE,Last Count : 09/25/26
0120343,Bottom Bracket | Residential | RH | SRBB-75,J4,0.00,0.00,$2.71,Bottom Bracket - Res,FALSE,Zone 4
5286405,"Cable Assembly | 7X7 | 1/8"" X 10'6"" ('9 Door Height)",F3,14.00,2.00,$6.88,Cable Assembly - Com,FALSE,
5286412,"Cable Assembly | 7X7 | 1/8"" X11'9"" (10' Door Height)",F4,2.00,2.00,$7.86,Cable Assembly - Com,FALSE,
5286420,"Cable Assembly | 7X7 | 1/8"" X13'9"" (12' Door Height)",G1,8.00,2,$9.17,Cable Assembly - Com,FALSE,
5286429,"Cable Assembly | 7X7 | 1/8"" X14'9"" (14' Door Height)",G2,3.00,2.00,$9.76,Cable Assembly - Com,FALSE,
5286453,"Cable Assembly | 7X7 | 1/8"" X 17'5"" (16' Door Height)",G3,10.00,1.00,$11.39,Cable Assembly - Com,FALSE,
5286473,"Cable Assembly | 7X7 | 1/8"" X11'9"" (18' Door Height)",G3,0.00,0.00,$7.64,Cable Assembly - Com,FALSE,
1120010,"Cable Assembly RC | 7X7 | 1/8"" X 8'6"" (7' Door Height)",F2,17.00,5.00,$4.56,Cable Assembly - RC,FALSE,
1120110,"Cable Assembly RC | 7X7 | 1/8"" X 9'6"" (8' Door Height)",F3,0.00,2.00,$3.97,Cable Assembly - RC,FALSE,
4156497,Chain Drive | 24' TDC12S1BMC-24 | LiftMaster ,,0.00,0.00,"$1,172.52",Commercial Operator Head,FALSE,
4156387,Chain Drive | 20' TDC12S1BMC | LiftMaster,,0.00,0.00,"$1,688.41",Commercial Operator Head,FALSE,
4156495,Chain Drive | 18' TDC12S1BMC-18 | LiftMaster ,,0.00,0.00,"$1,097.87",Commercial Operator Head,FALSE,
4007577,Chain Drive | 18' T101 L5 | M102 Damp Environment Mod | LiftMaster ,,0.00,0.00,"$1,991.40",Commercial Operator Head,FALSE,
4007475,Chain Drive | 18' T101 L5 | LiftMaster ,,0.00,0.00,"$1,073.75",Commercial Operator Head,FALSE,
4156374,Chain Drive | 18' TDC7S1BMC-18 | LiftMaster ,,0.00,0.00,"$1,461.43",Commercial Operator Head,FALSE,
4156494,Chain Drive | 16' TDC12S1BMC-16 | LiftMaster ,,0.00,0.00,"$1,070.62",Commercial Operator Head,FALSE,
4156481,Chain Drive | 16' TDC7S1BMC-16 | LiftMaster,,0.00,0.00,$911.09,Commercial Operator Head,FALSE,
4007459,Chain Drive | 16' T751 L5 | LiftMaster ,,0.00,0.00,"$1,070.51",Commercial Operator Head,FALSE,
4007702,Chain Drive | 16' T751 L5 | M102 Damp Environment Mod | LiftMaster ,,0.00,0.00,"$1,782.65",Commercial Operator Head,FALSE,
4007683,Chain Drive | 16' T501 L5 | M102 Damp Environment Mod | LiftMaster ,,0.00,0.00,"$1,634.30",Commercial Operator Head,FALSE,
4007451,Chain Drive | 16' T501 L5 Chain Opener ,,0.00,0.00,$992.84,Commercial Operator Head,FALSE,
4156480,Chain Drive | 14' TDC7S1BMC-14 | LiftMaster,,0.00,0.00,$886.84,Commercial Operator Head,FALSE,
4156493,Chain Drive | 14' TDC12S1BMC-14 | LiftMaster,,0.00,0.00,"$1,043.27",Commercial Operator Head,FALSE,
4007823,Chain Drive | 14' T751 L5 | M102 Damp Environment Mod | LiftMaster ,,0.00,0.00,"$1,646.53",Commercial Operator Head,FALSE,
4007552,Chain Drive | 14' T501 L5 | M102 Damp Environment Mod | LiftMaster ,,0.00,0.00,"$1,616.51",Commercial Operator Head,FALSE,
4156479,Chain Drive | 12' TDC7S1BMC-12 | LiftMaster ,,0.00,0.00,$858.15,Commercial Operator Head,FALSE,
4156492,Chain Drive | 12' TDC12S1BMC-12 | LiftMaster,,0.00,0.00,"$1,013.98",Commercial Operator Head,FALSE,
4007527,Chain Drive | 12' T501 L5 | M102 Damp Environment Mod | LiftMaster,,0.00,0.00,"$1,484.42",Commercial Operator Head,FALSE,
4156478,Chain Drive | 10' TDC7S1BMC-10 | LiftMaster ,,0.00,0.00,$858.15,Commercial Operator Head,FALSE,
4156491,Chain Drive | 10' TDC12S1BMC-10 | LiftMaster ,,0.00,0.00,"$1,013.98",Commercial Operator Head,FALSE,
4007569,Chain Drive | 10' T501 L5 | M102 Damp Environment Mod | LiftMaster,,0.00,0.00,"$1,603.17",Commercial Operator Head,FALSE,
4007442,Chain Drive | 10' T501 L5 | LiftMaster,,0.00,0.00,$856.70,Commercial Operator Head,FALSE,
4153483,Chain Drive | 20' TDC7S1BMC | LiftMaster,,0.00,0.00,$952.48,Commercial Operator Head,FALSE,
4007443,Chain Drive | 12' T501 L5 | LiftMaster ,,0.00,0.00,$856.70,Commercial Operator Head,FALSE,
4008317,Chain Drive | TDC7S1BMC | LiftMaster,BK4,0.00,2.00,$730.46,Commercial Operator Head,FALSE,
4008261,Commercial Operator | Jackshaft | DD8900W | LiftMaster,,0.00,0.00,$443.92,Commercial Operator Head,FALSE,
4007629,Commercial Operator | Jackshaft | GH101 L5 | LiftMaster,,0.00,0.00,"$1,388.21",Commercial Operator Head,FALSE,
4007403,Commercial Operator | Jackshaft | GH501 L5 | LiftMaster,,0.00,0.00,"$1,334.79",Commercial Operator Head,FALSE,
4007408,Commercial Operator | Jackshaft | H501 L5 - Left | LiftMaster,,0.00,0.00,"$1,040.02",Commercial Operator Head,FALSE,
4007411,Commercial Operator | Jackshaft | H501 L5 - Right | LiftMaster,,0.00,0.00,"$1,040.02",Commercial Operator Head,FALSE,
4007417,Commercial Operator | Jackshaft | H751 L5 - Left | LiftMaster,,0.00,0.00,"$1,272.56",Commercial Operator Head,FALSE,
4007418,Commercial Operator | Jackshaft | H751 L5 - Right | LiftMaster,,0.00,0.00,"$1,272.56",Commercial Operator Head,FALSE,
4007423,Commercial Operator | Jackshaft | J501 L5 | LiftMaster,,0.00,0.00,$919.78,Commercial Operator Head,FALSE,
4007977,Commercial Operator | Jackshaft | J751 L5 | LiftMaster,,0.00,0.00,"$1,113.14",Commercial Operator Head,FALSE,
4008311,Commercial Operator | Jackshaft | JHDC7S1BMC | Hoist | LiftMaster,BK4,0.00,2.00,"$1,026.00",Commercial Operator Head,FALSE,
4008309,Commercial Operator | Jackshaft | JDC7S1BMC | BBU | LiftMaster,BK4,0.00,2.00,$877.11,Commercial Operator Head,FALSE,
4156107,Commercial Operator | Jackshaft | JDC7S4BMC | BBU | LiftMaster,,0.00,0.00,"$1,019.88",Commercial Operator Head,FALSE,
4156234,Commercial Operator | Jackshaft | JHDC12S1BMC | Hoist | LiftMaster,,0.00,0.00,"$1,314.72",Commercial Operator Head,FALSE,
4156235,Commercial Operator | Jackshaft | JHDC12S4BMC | Hoist | LiftMaster,,0.00,0.00,"$1,398.36",Commercial Operator Head,FALSE,
4156306,Commercial Operator | Jackshaft | JHDC12X1BMC | Hoist | LiftMaster,,0.00,0.00,"$1,326.15",Commercial Operator Head,FALSE,
4156307,Commercial Operator | Jackshaft | JHDC12X4BMC | Hoist | LiftMaster,,0.00,0.00,"$1,541.65",Commercial Operator Head,FALSE,
4008242,Commercial Operator | Jackshaft | LJ8900W | LiftMaster,,0.00,0.00,$440.83,Commercial Operator Head,FALSE,
4008243,Commercial Operator | Jackshaft | LJ8950W | Roll-Up Door | LiftMaster,,0.00,0.00,$493.77,Commercial Operator Head,FALSE,
4008345,Commercial Operator | Jackshaft | RJDC7S1BE | LiftMaster,,0.00,0.00,$877.11,Commercial Operator Head,FALSE,
121015,"Coupler | 1-1/4""",,11.00,0.00,$33.18,Coupler - Com,FALSE,
0121010,"Coupler | 1""",AG4,0.00,2.00,$15.60,Coupler - Com,FALSE,
0125010,Decorative Hardware | Standard Spade Handle 2 Pack,Y1,0.00,10.00,$18.96,Decorative Hardware - Res,FALSE,
0123193,Decorative Hardware | Standard Spade Strap - 4 Piece Set,Z1-Z3,0.00,10.00,$18.33,Decorative Hardware - Res,FALSE,
0125060,Decorative Hardware | Standard Spade Step Plate ,Y2,0.00,10.00,$5.23,Decorative Hardware - Res,FALSE,
4139492,Decorative Hardware | Avante Anodized 2 Pack,Y4,0.00,0.00,$50.50,Decorative Hardware - Res,FALSE,
0121229,Drum RC | SL | LH D400-96,U1,13.00,10.00,$4.91,Drum - RC,FALSE,
0121230,Drum RC | SL | RH D400-96,U2,11.00,10.00,$4.91,Drum - RC,FALSE,
0121358,"End Bearing Plate | Commercial HD | LH 3-3/8""",H1-H3,8.00,5.00,$8.39,End Bearing Plate - Com,FALSE,
0121359,"End Bearing Plate | Commercial HD | RH 3-3/8""",H1-H3,10.00,5.00,$8.39,End Bearing Plate - Com,FALSE,
0121368,"End Bearing Plate | Commercial | LH 4-3/8""",H4,10.00,5.00,$7.43,End Bearing Plate - Com,FALSE,
0121369,"End Bearing Plate | Commercial | RH 4-3/8""",H4,10.00,5.00,$7.43,End Bearing Plate - Com,FALSE,
0121388,"End Bearing Plate | Commercial | LH 6""",I1,0.00,2.00,$11.17,End Bearing Plate - Com,FALSE,
0121389,"End Bearing Plate | Commercial | RH 6""",I1,0.00,2.00,$11.17,End Bearing Plate - Com,FALSE,
0121345,"End Bearing Plate | Residential 12GA | LH 3-3/8"" × 1""",V1,0.00,10.00,$5.94,End Bearing Plate - Res,FALSE,
0110700,"1 1/2"" Bolt For Springs",BO6,0.00,1.00,$140.00,Hardware,TRUE,
0110040,Track Nut,BO1,0.00,2.00,$140.00,Hardware,TRUE,
0330181,Deco Hardware Screws,BO3,0.00,2.00,$140.00,Hardware,TRUE,
0110530,"1/2"" Carriage Bolt",BO4,0.00,2.00,$120.00,Hardware,TRUE,
0110360,Track Bolt,BP1,0.00,2.00,$200.00,Hardware,TRUE,
0110100,Back Hang Nut,BP2,0.00,"3,000.00",$160.00,Hardware,TRUE,
0110500,Back Hang Bolt,BP3,0.00,"3,000.00",$120.00,Hardware,TRUE,
0110590,Short Lag,BP4,0.00,3.00,$137.50,Hardware,TRUE,
0110600,Long Lag,BP5,0.00,3.00,$140.00,Hardware,TRUE,
0330085,Small Driller,BQ2,0.00,"3,000.00",$175.00,Hardware,TRUE,
0110640,9/16 Carriage,BQ3,0.00,2.00,$150.00,Hardware,TRUE,
0110105,9/16 Nut,BQ4,0.00,2.00,$125.00,Hardware,TRUE,
0110630,9/16 Bolt,BQ5,0.00,2.00,$130.00,Hardware,TRUE,
4150917,Brackets | Residential Orb w/Pin | Adjustable | Narrow,AE4,0.00,20.00,$7.42,Hardware,FALSE,
0120180,Hinge | 11GA | #1,A2,124.00,10.00,$2.70,Hinge - Com,FALSE,
0120182,Hinge | 11GA | #3,A3,9.00,10.00,$1.99,Hinge - Com,FALSE,
0120183,Hinge | 11GA | #4,B1,28.00,10.00,$3.37,Hinge - Com,FALSE,
0120184,Hinge | 11GA | #5,B2,10.00,10.00,$3.35,Hinge - Com,FALSE,
0120110,Hinge | 14GA | #5,B2,0.00,10.00,$3.04,Hinge - Com,FALSE,
0120185,Hinge | 11GA | #6,B3,0.00,10.00,$3.38,Hinge - Com,FALSE,
0120171,Hinge | 13GA | #6,B3,0.00,10.00,$3.11,Hinge - Com,FALSE,
0120190,Hinge | 11GA | #7,C1,0.00,10.00,$3.60,Hinge - Com,FALSE,
0120200,Hinge | 11GA | #8,C2,12.00,10.00,$3.72,Hinge - Com,FALSE,
0120210,Hinge | 11GA | #9,C3,6.00,10.00,$5.17,Hinge - Com,FALSE,
0120070,Hinge RC | 14GA | #1,A1,0.00,100.00,$1.58,Hinge - RC,FALSE,
0120080,Hinge RC | 14GA | #2,A2,0.00,10.00,$1.90,Hinge - RC,FALSE,
0120090,Hinge RC | 14GA | #3,A3,0.00,10.00,$1.90,Hinge - RC,FALSE,
0120100,Hinge RC | 14GA | #4,B1,0.00,10.00,$1.95,Hinge - RC,FALSE,
TK10710,"Horizontal Track | 2"" Door | 12"" Radius (12' Door Height)",,8.00,0.00,$248.75,Horizontal Track - Com,FALSE,
TK10706,"Horizontal Track | 1-3/8"" Door | 12"" Radius (12' Door Height)",,0.00,0.00,$205.86,Horizontal Track - Com,FALSE,
TK10718,"Horizontal Track | 1-3/8"" Door | 15"" Radius (12' Door Height)",,0.00,0.00,$205.86,Horizontal Track - Com,FALSE,
TK10711,"Horizontal Track | 2"" Door | 12"" Radius (14' Door Height)",,5.00,0.00,$290.20,Horizontal Track - Com,FALSE,
TK10722,"Horizontal Track | 2"" Door | 15"" Radius (12' Door Height)",,0.00,0.00,$248.45,Horizontal Track - Com,FALSE,
TK10707,"Horizontal Track | 1-3/8"" Door | 12"" Radius (14' Door Height)",,0.00,0.00,$240.16,Horizontal Track - Com,FALSE,
TK10719,"Horizontal Track | 1-3/8"" Door | 15"" Radius (14' Door Height)",,0.00,0.00,$240.16,Horizontal Track - Com,FALSE,
TK10723,"Horizontal Track | 2"" Door | 15"" Radius (14' Door Height)",,0.00,0.00,$290.20,Horizontal Track - Com,FALSE,
TK10705,"Horizontal Track | 1-3/8"" Door | 12"" Radius (10' Door Height)",,4.00,0.00,$171.55,Horizontal Track - Com,FALSE,
TK10717,"Horizontal Track | 1-3/8"" Door | 15"" Radius (10' Door Height)",,0.00,0.00,$171.55,Horizontal Track - Com,FALSE,
TK10709,"Horizontal Track | 2"" Door | 12"" Radius (10' Door Height)",,0.00,0.00,$207.29,Horizontal Track - Com,FALSE,
TK10721,"Horizontal Track | 2"" Door | 15"" Radius (10' Door Height)",,0.00,0.00,$207.29,Horizontal Track - Com,FALSE,
TK10704,"Horizontal Track | 1-3/8"" Door | 12"" Radius (8' Door Height)",,16.00,0.00,$137.23,Horizontal Track - Res,FALSE,
TK10716,"Horizontal Track | 1-3/8"" Door | 15"" Radius (8' Door Height)",,0.00,0.00,$137.23,Horizontal Track - Res,FALSE,
TK10708,"Horizontal Track | 2"" Door | 12"" Radius (8' Door Height)",,0.00,0.00,$116.00,Horizontal Track - Res,FALSE,
TK10720,"Horizontal Track | 2"" Door | 15"" Radius (8' Door Height)",,0.00,0.00,$165.82,Horizontal Track - Res,FALSE,
0120680,Lift Handle | Rolled Grip | Inside,Y3,0.00,0.00,$0.73,Lift Handle - Com,FALSE,
0120861,"Lock | Inside Slide 2"" Track | Galvanized",W1-W3,0.00,10.00,$5.11,Lock - Com,FALSE,
4125480,Locks | Keyed Exterior Lock Set ,F1,0.00,2.00,$34.26,Lock - Com,FALSE,
1024064,"Lock | Spacer Kit 3"" Track",,0.00,0.00,$16.70,Lock - Com,FALSE,
5102257,Lock | Interior Lock Bar System | 9' Door,,0.00,0.00,$7.48,Lock - Com,FALSE,
5102256,Lock | Interior Lock Bar System | 8' Door,,0.00,0.00,$6.65,Lock - Com,FALSE,
4129054,Lock | Interior Lock Bar System | 20' Door,,0.00,0.00,$18.52,Lock - Com,FALSE,
5102259,Lock | Interior Lock Bar System | 18' Door,,0.00,0.00,$14.97,Lock - Com,FALSE,
5287497,"Lock | Interior Lock Bar System | 16'2"" Door",,0.00,0.00,$15.09,Lock - Com,FALSE,
5102258,Lock | Interior Lock Bar System | 16' Door,,0.00,0.00,$13.31,Lock - Com,FALSE,
4129053,Lock | Interior Lock Bar System | 15' Door,,0.00,0.00,$17.66,Lock - Com,FALSE,
4129052,Lock | Interior Lock Bar System | 10' Door,,0.00,0.00,$8.79,Lock - Com,FALSE,
5263430,Lock | Interior Lock Bar System Kit | 3-Layer Door,,0.00,0.00,$22.80,Lock - Com,FALSE,
5112109,Lock | Interior Lock Bar System Kit | 2-Layer Door,,0.00,0.00,$21.85,Lock - Com,FALSE,
4111421,Lock | Double Twisted L-Handle | (18' Door Height),,0.00,0.00,$70.21,Lock - Com,FALSE,
4111420,Lock | Double Twisted L-Handle | (9' Door Height),,0.00,0.00,$30.82,Lock - Com,FALSE,
4119023,Lock | Snap Latch Lock System | T-Shaped Handle | (9' Door Height),,0.00,0.00,$36.67,Lock - Com,FALSE,
4119024,Lock | Snap Latch Lock System | T-Shaped Handle | (18' Door Height),,0.00,0.00,$39.01,Lock - Com,FALSE,
5283498,"Lock | Cable #1 Lock (9'9"") | (9' Door Height)",,0.00,0.00,$1.17,Lock - Com,FALSE,
5283499,"Lock | Cable #1 Lock (16'9"") | (16' Door Height)",,0.00,0.00,$1.71,Lock - Com,FALSE,
5283503,"Lock | Cable #1 Lock (20'9"") | (20' Door Height)",,0.00,0.00,$2.59,Lock - Com,FALSE,
5283500,"Lock | Cable #1 Lock (18'9"") | (18' Door Height)",,0.00,0.00,$3.33,Lock - Com,FALSE,
121833,"Lock | Inside Slide 3"" Track | Galvanized",,0.00,0.00,$11.70,Lock - Com,FALSE,
5688208,Lock | Bar Guides | Double Car,,0.00,0.00,$0.99,Lock - Com,FALSE,
4156474,Hinge | Clopay Quiet Hinges & Rollers,E1,6.00,5.00,$74.38,Miscellaneous,FALSE,
4147347,"Hinge | Shim Kit | Up to 9"" Wide",G4,0.00,20.00,$2.02,Miscellaneous,FALSE,
4147348,"Hinge | Shim Kit | Over 9"" Wide",G4,0.00,0.00,$2.87,Miscellaneous,FALSE,
0120697,Step Plates | Interior Step Plate,N3,61.00,0.00,$0.89,Miscellaneous,FALSE,
4127448,Insulation Kit | 16'x8' | Shiplap | Clopay,BC,1.00,2.00,$254.08,Miscellaneous,FALSE,
4127447,Insulation Kit | 16'x7' | Shiplap | Clopay,BC,3.00,3.00,$222.32,Miscellaneous,FALSE,
na1,Jackshaft Warranty Kit,AJ,0.00,0.00,,Miscellaneous,FALSE,
na2,Vertistack Warranty Kit,AJ,0.00,0.00,,Miscellaneous,FALSE,
na3,Football Bearing Complete,I2,22.00,20.00,,Miscellaneous,FALSE,
na4,Janus Cam Action Tensioner,O1,0.00,1.00,,Miscellaneous,FALSE,
na5,Janus Support Bracket,O2,0.00,1.00,,Miscellaneous,FALSE,
na6,Fire Chain,L1,4.00,2.00,,Miscellaneous,FALSE,
0330517,Touch-up Paint | Brush Cap | Almond ,,2.00,2.00,$8.03,Miscellaneous,TRUE,
0330507,Touch-up Paint | Brush Cap | White ,,6.00,5.00,$8.03,Miscellaneous,TRUE,
0330532,Touch-up Paint | Brush Cap | Walnut Finish ,,2.00,2.00,$8.03,Miscellaneous,TRUE,
0330530,Touch-up Paint | Brush Cap | Dark Finish ,,2.00,2.00,$8.03,Miscellaneous,TRUE,
0330533,Touch-up Paint | Brush Cap | Bronze,,2.00,2.00,$8.03,Miscellaneous,TRUE,
0330504,Touch-up Paint | Brush Cap | Medium Finish ,,2.00,2.00,$8.03,Miscellaneous,TRUE,
0330574,Touch-up Paint | Brush Cap | Black ,,1.00,5.00,$8.03,Miscellaneous,TRUE,
4150666,Lubricant | Clopay Heavy Duty Garage Door Lube| 12 Pack 20 oz.,,59.00,2.00,$44.58,Miscellaneous,TRUE,
0140900,"Spring Parts | 2 5/8 Cone Left | 1"" Shaft",AH4,0.00,6.00,$5.49,Miscellaneous,FALSE,
0140901,"Spring Parts | 2 5/8 Cone Right | 1"" Shaft",AH4,5.00,6.00,$5.49,Miscellaneous,FALSE,
0140902,"Spring Parts | 2 5/8 Cone Stationary | 1"" Shaft",AH4,12.00,6.00,$5.49,Miscellaneous,FALSE,
0140896,"Spring Parts | 2 Cone Left | 1"" Shaft",AH3,3.00,6.00,$3.06,Miscellaneous,FALSE,
0140897,"Spring Parts | 2 Cone Right | 1"" Shaft",AH3,3.00,6.00,$3.06,Miscellaneous,FALSE,
0140898,"Spring Parts | 2 Cone Stationary | 1"" Shaft",AH3,1.00,6.00,$1.63,Miscellaneous,FALSE,
0121570,Spring Parts | Bumpers | Leaf Type Pair ,AF3,11.00,2.00,$17.57,Miscellaneous,FALSE,
OPBULB,Lights | Light Bulb for Operators,BK3,0.00,24.00,$0.86,Operator Parts,FALSE,
na7,Operator Parts | Power Cord | Pig Tail - 6',AG2,0.00,15.00,$7.59,Operator Parts,TRUE,
na8,Photo Eye | Residential Photo Eye Bracket,AE2,0.00,0.00,,Operator Parts,FALSE,
4128519,Internet Gateway | 828LM | LiftMaster,,0.00,2.00,$61.71,Operator Parts,FALSE,
4102414,Operator Parts | Residential Operator Header Bracket,AD1,0.00,0.00,$9.32,Operator Parts,FALSE,
4121214,"Operator Parts | Pusher Springs | 15""",,0.00,,$47.06,Operator Parts,FALSE,
4100518,Operator Parts | Straight & Curved Door Arm Kit | LiftMaster ,AE3,0.00,2.00,$95.30,Operator Parts,FALSE,
4000030,Operator Parts | 12' Trolley P-Rail Set | LiftMaster,AM1,0.00,4.00,$101.63,Operator Parts,FALSE,
4156014,Operator Parts | 16' TDC7 Components Kit | LiftMaster ,AJ,0.00,5.00,$65.04,Operator Parts,FALSE,
4156010,Operator Parts | 12' #48 Chain | LiftMaster ,AJ,0.00,5.00,$50.58,Operator Parts,FALSE,
4156034,Operator Parts | DC7AH BBU | LiftMaster ,,0.00,5.00,$116.69,Operator Parts,FALSE,
4128428,Operator Parts | 14' #48 Chain | LiftMaster ,AK,0.00,5.00,$45.07,Operator Parts,FALSE,
4123377,Operator Parts | Trolley Track Spacer Kit | Liftmaster,AH1,0.00,10.00,$28.74,Operator Parts,FALSE,
5690040,Operator Parts | Commercial Front Idler | Liftmaster,AH2,0.00,5.00,$30.86,Operator Parts,FALSE,
4114931,Operator Parts | Commercial Trolley Header Bracket | Liftmaster,AH2,0.00,5.00,$21.18,Operator Parts,FALSE,
5696057,Operator Parts | Commercial Trolley Slider | Liftmaster,AD4,0.00,5.00,$29.97,Operator Parts,FALSE,
4000050,Operator Rail | 14' Trolley P-Rail Set | LiftMaster,AM1,0.00,4.00,$126.53,Operator Parts,FALSE,
4152730,"Operator Parts | PUSHER SPRING KIT | 27"" LONG LH & RH",AL,0.00,6.00,$71.94,Operator Parts,FALSE,
4125603,Operator Parts | Side Mount | Cable Keeper,M1,0.00,10.00,$3.52,Operator Parts,FALSE,
4153327,Operator Parts | Curved Residential Operator Arm,AE1,0.00,5.00,$7.80,Operator Parts,FALSE,
4156013,Operator Parts | 14' TDC12 & TDC 22 Components Kit | LiftMaster ,AK,0.00,5.00,$93.95,Operator Parts,FALSE,
5692774,"Operator Parts | Chain Hoist | JRG Hoist | 4:1 Ratio | 1"" Shaft",AI,0.00,5.00,$68.31,Operator Parts,FALSE,
3520520,Operator Rail | 10' Operator Belt & Rail | LiftMaster,,9.00,6.00,$91.35,Operator Rail,FALSE,
3520510,Operator Rail | 8' Operator Chain & Rail | LiftMaster,,18.00,6.00,$58.21,Operator Rail,FALSE,
3520500,Operator Rail | 7' Operator Chain & Rail | LiftMaster,,21.00,12.00,$26.26,Operator Rail,FALSE,
3520590,Operator Rail | 8' Operator Belt & Rail | LiftMaster,,5.00,6.00,$79.23,Operator Rail,FALSE,
3520585,Operator Rail | 7' Operator Belt & Rail | LiftMaster,,6.00,6.00,$44.42,Operator Rail,FALSE,
GENIER7,Operator Rail | 7' Operator Chain & Rail | Genie,,0.00,64.00,$68.11,Operator Rail,FALSE,
na9,Operator Rail | 8' Operator Chain & Rail | Genie,,4.00,6.00,,Operator Rail,FALSE,
3520838,Operator Rail | 14' Operator Chain & I-Beam Rail | LiftMaster,,1.00,1.00,$254.66,Operator Rail,FALSE,
3520595,Operator Rail | 10' Operator Belt & Rail | LiftMaster,AM3,0.00,2.00,$125.24,Operator Rail,FALSE,
3520832,Operator Rail | 8' Operator Chain & I-Beam Rail | LiftMaster,AM3,1.00,1.00,$114.69,Operator Rail,FALSE,
3520837,Operator Rail | 12' Operator Chain & I-Beam Rail | LiftMaster,AM2,3.00,1.00,$315.95,Operator Rail,FALSE,
na10,Operator Rail | 8' Operator Belt & Rail | Genie,,4.00,,,Operator Rail,FALSE,
na11,Operator Rail | 7' Operator Belt & Rail | Genie,,9.00,,$95.25,Operator Rail,FALSE,
4008274,Photo Eye | Commercial | Reflective Monitored Photo Eyes Commercial (Pair)| LiftMaster,,0.00,,$256.42,Photo Eye - Com,FALSE,
0170030,"Punched Angle | 12GA | 2"" × 2"" × 10' | Galvanized",BK1,160.00,100.00,$11.96,Punched Angle,FALSE,
0170015,"Punched Angle | 16GA | 1-1/4"" x 1-1/4"" x 8' | Galvanized",BK1,150.00,100.00,$3.54,Punched Angle,FALSE,
GENIEKP,Keypad | Genie ,,0.00,,$24.15,Remote,FALSE,
4151810,Remote | 380UT | LiftMaster,,0.00,10.00,$33.11,Remote,FALSE,
4128527,Remote | 893LM | LiftMaster,,0.00,20.00,$32.61,Remote,FALSE,
4140230,Remote | 894LT | LiftMaster,,0.00,10.00,$44.14,Remote,FALSE,
4120159,Keypad | 387LM | LiftMaster,,0.00,5.00,$44.83,Remote,FALSE,
4128529,Keypad | 877LM | LiftMaster,,0.00,20.00,$42.08,Remote,FALSE,
4152113,Keypad | 878MAX | LiftMaster,,0.00,20.00,$47.08,Remote,FALSE,
4152735,Remote | 811LM | LiftMaster,,0.00,0.00,$18.49,Remote,FALSE,
4152735,Remote | 811LMX | LiftMaster,,0.00,0.00,$18.49,Remote,FALSE,
4128524,Remote | 891LM | LiftMaster,,0.00,5.00,$38.63,Remote,FALSE,
4128527,Remote | 893MAX | LiftMaster,,0.00,0.00,$32.61,Remote,FALSE,
4159503,Remote | L993S | LiftMaster,,0.00,0.00,$44.35,Remote,FALSE,
4159508,Keypad | L979S | LiftMaster,,0.00,0.00,$60.22,Remote,FALSE,
4159509,Keypad | L979U | LiftMaster,,0.00,0.00,$52.04,Remote,FALSE,
4154066,Keypad | VKP1LM Keypad | LiftMaster,,0.00,0.00,$139.41,Remote,FALSE,
Discontinued,Belt Drive | 81550 | LiftMaster ,BK6,3.00,0.00,$190.42,Residential Operator Head,FALSE,
2128,Operator | 2128 w/ Two Remotes | Genie,BL5,0.00,20.00,$132.50,Residential Operator Head,FALSE,
Discontinued,Chain Drive | 85870 | LiftMaster,BK5,10.00,0.00,$290.13,Residential Operator Head,FALSE,
3553041,Chain Drive | 2220L | LiftMaster,,8.00,,$256.96,Residential Operator Head,FALSE,
3553063,Chain Drive | 4690L | LiftMaster,,0.00,1.00,$459.47,Residential Operator Head,FALSE,
3553059,Belt Drive | 6690L | LiftMaster,,6.00,,$442.92,Residential Operator Head,FALSE,
3553023,Jackshaft Operator | 98022 | LiftMaster,BK5,5.00,2.00,$662.28,Residential Operator Head,FALSE,
3553028,Jackshaft Operator | 98032 | LiftMaster,BK5,3.00,0.00,$857.93,Residential Operator Head,FALSE,
120592,"Roller | 2"" Nylon 10 Ball | 7.1"" Stem",,5.00,0.00,$1.90,Roller - Com,FALSE,
124410,"Roller | 2"" Nylon | Sealed | 7"" Stem",,0.00,0.00,$25.12,Roller - Com,FALSE,
125411,"Roller | 3"" Nylon | Sealed | 6.46"" Stem",,0.00,0.00,$6.32,Roller - Com,FALSE,
124430,"Roller | 3"" Nylon | Sealed | 7"" Stem",,0.00,0.00,$24.82,Roller - Com,FALSE,
0120560,"Roller | 2"" Steel 10 Ball | 6.46"" Stem",E3,188.00,25.00,$1.79,Roller - Com,FALSE,
0120580,"Roller | 3"" Steel 10 Ball | 6.57"" Stem",D3,54.00,25.00,$4.45,Roller - Com,FALSE,
120595,"Roller RC | 2"" Nylon Black | Extended Life Cycle | 3.2"" Stem",,0.00,0.00,$1.35,Roller - RC,FALSE,
124400,"Roller RC | 2"" Nylon White | Sealed | 4.5"" Stem",,0.00,0.00,$22.00,Roller - RC,FALSE,
120593,"Roller RC | 2"" Nylon Black | 3.2"" Stem",,0.00,0.00,$1.11,Roller - RC,FALSE,
124420,"Roller RC | 3"" Nylon White | Sealed | 4.5"" Stem",,0.00,0.00,$29.86,Roller - RC,FALSE,
120550,"Roller RC | 2"" 10-Ball | 3.66"" Stem",,0.00,0.00,$1.25,Roller - RC,FALSE,
120570,"Roller RC | 3"" 10-Ball | 3.37"" Stem",,43.00,0.00,$2.76,Roller - RC,FALSE,
0120550,"Roller RC | 2"" Steel 10 Ball | 3.66"" Stem",D1,0.00,100.00,$1.25,Roller - RC,FALSE,
0120570,"Roller RC | 3"" Steel 10 Ball | 3.37"" Stem",E2,0.00,25.00,$2.76,Roller - RC,FALSE,
0120591,"Roller | 2"" 10-ball Nylon | Short ",D2,0.00,50.00,$1.35,Roller - RC,FALSE,
0141091,"Shaft |  Solid | 6'6"" X 1 | Keyed Shaft",,0.00,,$33.03,Shaft - Com,FALSE,
4152151,"Shaft | Collar 1"" ",L2,0.00,10.00,$1.35,Shaft - Com,FALSE,
0140975,"Shaft RC | Hollow | 8'9"" X 1""",,0.00,0.00,$8.86,Shaft - RC,FALSE,
0140985,"Shaft RC | Hollow | 9'9"" X 1""",,0.00,0.00,$9.88,Shaft - RC,FALSE,
0140996,"Shaft RC | Hollow | 10'9"" X 1""",,0.00,0.00,$10.89,Shaft - RC,FALSE,
0141006,"Shaft RC | Hollow | 12'9"" X 1""",,0.00,0.00,$12.92,Shaft - RC,FALSE,
0141016,"Shaft RC | Hollow | 14'9"" X 1""",,0.00,0.00,$14.94,Shaft - RC,FALSE,
0141026,"Shaft RC | Hollow | 16'9"" X 1""",,0.00,0.00,$16.97,Shaft - RC,FALSE,
0141035,"Shaft RC | Hollow | 18'9"" X 1""",,0.00,0.00,$21.45,Shaft - RC,FALSE,
140856,"Spring Anchor RC | Commercial W/O Bearing | 5"" & 6"" CL",,0.00,0.00,$20.69,Spring Anchor - RC,FALSE,
0140852,Spring Anchor RC | Commercial W/O Bearing |  ADJ RH,,0.00,,$4.74,Spring Anchor - RC,FALSE,
0140842,Spring Anchor RC | Commercial W/O Bearing |  ADJ LH,J2,16.00,5.00,$4.74,Spring Anchor - RC,FALSE,
0140836,"Spring Anchor | Residential W/O Bearing | RH 3-3/8""",T2,0.00,10.00,$2.33,Spring Anchor - Res,FALSE,
4152227,"Sprockets | 50 Chain | 32 Tooth | 1"" Shaft",,8.00,,$61.29,Sprockets,FALSE,
4152226,"Sprockets | 50 Chain | 24 Tooth | 1"" Shaft",AF1,5.00,5.00,$53.05,Sprockets,FALSE,
4156021,"Sprockets | 50 Chain | 16 Tooth | 1"" Shaft",AF1,11.00,5.00,$30.11,Sprockets,FALSE,
150085,"Strut | 20GA | 3"" X 9' 11-1/2"" (10' Door Width)",,0.00,0.00,$32.42,Strut - Com,FALSE,
1007013,"Strut | 20GA | 2 1/4"" X 11' 11-1/2"" (12' Door Width)",,0.00,0.00,$31.37,Strut - Com,FALSE,
150082,"Strut | 20GA | 3"" X 11' 11-1/2"" (12' Door Width)",,0.00,0.00,$38.91,Strut - Com,FALSE,
1007012,"Strut | 20GA | 2 1/4"" X 9' 11-1/2"" (10' Door Width)",,0.00,0.00,$26.15,Strut - Com,FALSE,
150084,"Strut | 20GA | 3"" X 8' 11-1/2"" (9' Door Width)",,0.00,0.00,$29.19,Strut - Com,FALSE,
150008,"Strut | 20GA | 2 1/4"" X 7' 11-1/2"" (8' Door Width)",,0.00,0.00,$20.92,Strut - Com,FALSE,
150083,"Strut | 20GA | 3"" X 7' 11-1/2"" (8' Door Width)",,0.00,0.00,$25.94,Strut - Com,FALSE,
150009,"Strut | 20GA | 2 1/4"" X 8' 11-1/2"" (9' Door Width)",,0.00,0.00,$23.53,Strut - Com,FALSE,
150086,"Strut | 20GA | 3"" X 13' 11-1/2"" (14' Door Width)",,0.00,0.00,$45.39,Strut - Com,FALSE,
1007015,"Strut | 20GA | 2 1/4"" X 13' 11-1/2"" (14' Door Width)",,0.00,0.00,$36.60,Strut - Com,FALSE,
150092,"Strut | 20GA | 3"" X 17' 11-1/2"" (18' Door Width)",,0.00,0.00,$58.36,Strut - Com,FALSE,
1007016,"Strut | 20GA | 2 1/4"" X 14' 11-1/2"" (15' Door Width)",,0.00,0.00,$39.21,Strut - Com,FALSE,
1007017,"Strut | 20GA | 2 1/4"" X 15' 11-1/2"" (16' Door Width)",,0.00,0.00,$41.83,Strut - Com,FALSE,
150091,"Strut | 20GA | 3"" X 15' 11-1/2"" (16' Door Width)",,0.00,0.00,$51.88,Strut - Com,FALSE,
150061,"Strut RC | 24GA | 2 1/4"" X 15' 11-1/2"" (16' Door Width)",,0.00,0.00,$29.02,Strut - RC,FALSE,
150011,"Strut RC | 24GA | 2 1/4"" X 9' 11-1/2"" (10' Door Width)",,0.00,0.00,$18.14,Strut - RC,FALSE,
150021,"Strut RC | 24GA | 2 1/4"" X 11' 11-1/2"" (12' Door Width)",,0.00,0.00,$21.76,Strut - RC,FALSE,
150041,"Strut RC | 24GA | 2 1/4"" X 13' 11-1/2"" (14' Door Width)",,0.00,0.00,$25.39,Strut - RC,FALSE,
150051,"Strut RC | 24GA | 2 1/4"" X 14' 11-1/2"" (15' Door Width)",,0.00,0.00,$27.21,Strut - RC,FALSE,
1007028,"Strut RC | 24GA | 2 1/4"" X 8' 11-1/2"" (9' Door Width)",,0.00,0.00,$16.33,Strut - RC,FALSE,
150063,"Strut RC | 24GA | 2 1/4"" X 16' 11-1/2"" (17' Door Width)",,0.00,0.00,$30.85,Strut - RC,FALSE,
1007104,"Strut RC | 24GA | 2 1/4"" X 17' 11-1/2"" (18' Door Width)",,0.00,0.00,$47.05,Strut - RC,FALSE,
1007027,"Strut RC | 24GA | 2 1/4"" X 7' 11-1/2"" (8' Door Width)",,0.00,0.00,$14.50,Strut - RC,FALSE,
0120470,Top Bracket RC | Commercial Adjustable,N1,0.00,10.00,$3.48,Top Bracket - RC,FALSE,
0120460,Top Bracket | Residential Adjustable,T1,12.00,10.00,$2.02,Top Bracket - Res,FALSE,
7030012,Torsion Spring RC | LW .207 x 2 x 19.5,,17.00,10.00,$20.12,Torsion Spring - RC,FALSE,
7030013,Torsion Spring - RC | RW .207 x 2 x 19.5,,13.00,10.00,$20.12,Torsion Spring - RC,FALSE,
7030014,Torsion Spring RC | LW .207 x 2 x 21.5,,3.00,10.00,$21.69,Torsion Spring - RC,FALSE,
7030015,Torsion Spring - RC | RW .207 x 2 x 21.5,,0.00,10.00,$21.69,Torsion Spring - RC,FALSE,
7030024,Torsion Spring RC | LW .218 x 2 x 24.5,,3.00,10.00,$25.24,Torsion Spring - RC,FALSE,
7030025,Torsion Spring - RC | RW .218 x 2 x 24.5,,0.00,10.00,$25.24,Torsion Spring - RC,FALSE,
7000197,Torsion Spring RC | LW .250 x 2 x 29.0 ,,2.00,10.00,$32.81,Torsion Spring - RC,FALSE,
7030046,Torsion Spring RC | LW .234 x 2 x 31.0,,1.00,10.00,$32.70,Torsion Spring - RC,FALSE,
7030047,Torsion Spring - RC | RW .234 x 2 x 31.0,,0.00,10.00,$32.70,Torsion Spring - RC,FALSE,
7030048,Torsion Spring RC | LW .234 x 2 x 34.0,,0.00,10.00,$35.41,Torsion Spring - RC,FALSE,
7030049,Torsion Spring - RC | RW .234 x 2 x 34.0,,0.00,10.00,$35.41,Torsion Spring - RC,FALSE,
7030054,Torsion Spring RC | LW .243 x 2 x 30.5,,0.00,10.00,$33.44,Torsion Spring - RC,FALSE,
7030055,Torsion Spring - RC | RW .243 x 2 x 30.5,,0.00,10.00,$33.44,Torsion Spring - RC,FALSE,
7030056,Torsion Spring RC | LW .243 x 2 x 34.0,,0.00,10.00,$36.75,Torsion Spring - RC,FALSE,
7030057,Torsion Spring - RC | RW .243 x 2 x 34.0,,0.00,10.00,$36.75,Torsion Spring - RC,FALSE,
0150148,Track Bracket | Residential Flag Bracket | LH,X1-X2,53.00,10.00,$3.70,Track Brackets,FALSE,
0150149,Track Bracket | Residential Flag Bracket | RH,X1-X2,46.00,10.00,$3.70,Track Brackets,FALSE,
0150270,Track Bracket | Jamb Bracket #1,K1,96.00,10.00,$0.72,Track Brackets,FALSE,
0150280,Track Bracket | Jamb Bracket #3,K2,2.00,10.00,$0.77,Track Brackets,FALSE,
0150290,Track Bracket | Jamb Bracket #4,K2,41.00,10.00,$0.80,Track Brackets,FALSE,
0150300,Track Bracket | Jamb Bracket #5,K2,12.00,10.00,$0.84,Track Brackets,FALSE,
0150310,Track Bracket | Jamb Bracket #6,K3,41.00,10.00,$0.87,Track Brackets,FALSE,
0150320,Track Bracket | Jamb Bracket #7,K3,75.00,10.00,$0.91,Track Brackets,FALSE,
0150330,Track Bracket | Jamb Bracket #8,K4,45.00,10.00,$0.93,Track Brackets,FALSE,
0150340,Track Bracket | Jamb Bracket #9,K4,1.00,10.00,$0.96,Track Brackets,FALSE,
0150360,Track Bracket | Jamb Bracket #11,K4,0.00,0.00,$1.02,Track Brackets,FALSE,
0150370,Track Bracket | Jamb Bracket #12,K4,3.00,0.00,$1.05,Track Brackets,FALSE,
0150380,Track Bracket | Jamb Bracket #13,K4,2.00,0.00,$1.09,Track Brackets,FALSE,
1000086,"Track Bracket | Commercial | LH | Adjustable Flag Bracket (9"" to 12"")",M2,16.00,5.00,$3.78,Track Brackets,FALSE,
1000087,"Track Bracket | Commercial | RH | Adjustable Flag Bracket (9"" to 12"")",M2,21.00,5.00,$3.78,Track Brackets,FALSE,
4115402,"Track Bracket | Commercial | LH | Adjustable Flag Bracket (11"" to 14"")",M3,5.00,5.00,$6.02,Track Brackets,FALSE,
4115403,"Track Bracket | Commercial | RH | Adjustable Flag Bracket (11"" to 14"")",M3,5.00,5.00,$6.02,Track Brackets,FALSE,
TK10537,"Vertical Track | Bracket Mount | LHR | 1-3/8"" (10' Door Height)",,0.00,0.00,$120.80,Vertical Track - Com,FALSE,
TK10538,"Vertical Track | Bracket Mount | LHR | 1-3/8"" (11' Door Height)",,0.00,0.00,$131.45,Vertical Track - Com,FALSE,
TK10539,"Vertical Track | Bracket Mount | LHR | 1-3/8"" Door (12' Door Height)",,0.00,0.00,$142.09,Vertical Track - Com,FALSE,
TK10540,"Vertical Track | Bracket Mount | LHR | 1-3/8"" Door (13' Door Height)",,0.00,0.00,$152.75,Vertical Track - Com,FALSE,
TK10541,"Vertical Track | Bracket Mount | LHR | 1-3/8"" Door (14' Door Height)",,0.00,0.00,$163.40,Vertical Track - Com,FALSE,
TK10536,"Vertical Track | Bracket Mount | LHR | 1-3/8"" Door (9' Door Height)",,0.00,0.00,$110.15,Vertical Track - Com,FALSE,
1019119,"Vertical Track | W/O Brackets | 2"" (11' Door Height)",,0.00,0.00,$127.80,Vertical Track - Com,FALSE,
TK10504,"Vertical Track | Bracket Mount | 2"" (10' Door Height)",,0.00,0.00,$120.80,Vertical Track - Com,FALSE,
TK10506,"Vertical Track | Bracket Mount | 2"" (11' Door Height)",,0.00,0.00,$131.45,Vertical Track - Com,FALSE,
TK10508,"Vertical Track | Bracket Mount | 2"" (12' Door Height)",,2.00,0.00,$142.09,Vertical Track - Com,FALSE,
TK10510,"Vertical Track | Bracket Mount | 2"" (13' Door Height)",,0.00,0.00,$152.75,Vertical Track - Com,FALSE,
TK10512,"Vertical Track | Bracket Mount | 2"" (14' Door Height)",,0.00,0.00,$163.40,Vertical Track - Com,FALSE,
TK10502,"Vertical Track | Bracket Mount | 2"" (9' Door Height)",,0.00,0.00,$95.85,Vertical Track - Com,FALSE,
TK10505,"Vertical Track | RA/CA Mount | 1-3/8"" or 2"" (10' Door Height)",,1.00,0.00,$208.00,Vertical Track - Com,FALSE,
TK10507,"Vertical Track | RA/CA Mount | 1-3/8"" or 2"" (11' Door Height)",,0.00,0.00,$227.37,Vertical Track - Com,FALSE,
TK10509,"Vertical Track | RA/CA Mount | 1-3/8"" or 2"" (12' Door Height)",,1.00,0.00,$232.44,Vertical Track - Com,FALSE,
TK10511,"Vertical Track | RA/CA Mount | 1-3/8"" or 2"" (13' Door Height)",,0.00,0.00,$266.11,Vertical Track - Com,FALSE,
TK10513,"Vertical Track | RA/CA Mount | 1-3/8"" or 2"" (14' Door Height)",,2.00,0.00,$285.49,Vertical Track - Com,FALSE,
TK10503,"Vertical Track | RA/CA Mount | 1-3/8"" or 2"" (9' Door Height)",,1.00,0.00,$188.63,Vertical Track - Com,FALSE,
TK10500,"Vertical Track | Bracket Mount | 2"" (8' Door Height)",,2.00,,$99.49,Vertical Track - Res,FALSE,
1017079,"Vertical Track | W/O Brackets  | 2"" (8' Door Height)",,12.00,,$54.80,Vertical Track - Res,FALSE,
1017077,"Vertical Track | W/O Brackets| 2"" (7' Door Height)",,15.00,,$47.29,Vertical Track - Res,FALSE,
TK10543,"Vertical Track | RA/CA Mount | 1-3/8"" or 2"" Door (7' Door Height)",,0.00,0.00,$149.89,Vertical Track - Res,FALSE,
TK10501,"Vertical Track | RA/CA Mount 1-3/8"" or 2"" Door (8' Door Height)",,0.00,0.00,$169.26,Vertical Track - Res,FALSE,
5289774,Wall Station | Commercial 1-Button Station | LiftMaster,,12.00,10.00,$21.90,Wall Station - Com,FALSE,
5289780,Wall Station | Commercial 3-Button Station | LiftMaster,,3.00,10.00,$28.40,Wall Station - Com,FALSE,
4156035,Wall Station | DCWALLCTL MAXUM | LiftMaster,,1.00,5.00,$53.86,Wall Station - Com,FALSE,
4148253,Wall Station | 886LMW | LiftMaster,,12.00,10.00,$39.51,Wall Station - Res,FALSE,
4135120,Wall Station | 885LM | LiftMaster,,8.00,20.00,$43.21,Wall Station - Res,FALSE,
4152469,Weather Seal | Reverse Angle | Per Foot | Black,BD,"2,000.00",500.00,$1.06,Weather Seal,FALSE,
4154073,Weather Seal | Top Seal | Per Foot | Black,BD,900.00,5.00,$0.77,Weather Seal,FALSE,
0330046,Weather Seal | Aluminum Bottom Seal Retainer | 16',AM1,8.00,5.00,$20.50,Weather Seal,FALSE,
0620101,"Weather Seal | Bottom Seal | 3-1/2"" | Per Foot | Black",AM1,0.00,0.00,$0.40,Weather Seal,FALSE,
0620101,"Weather Seal | Bottom Seal | Astragal | 3-1/2"" Co-Extruded | Per Foot | Black ",,150.00,100.00,$0.45,Weather Seal,FALSE,
0620145,"Weather Seal | Bottom Seal | Astragal | 7"" U-Shaped | Per Foot |Black",,150.00,75.00,$0.96,Weather Seal,FALSE,
0650811,Weather Seal | Stop Mold | 9' Mocha,,0.00,,$12.68,Weather Seal,FALSE,
0650791,Weather Seal | Stop Mold | 9' Walnut Finish,,0.00,,$12.68,Weather Seal,FALSE,
0650834,Weather Seal | Stop Mold | 9' Black,BD,69.00,45.00,$12.55,Weather Seal,FALSE,
0650816,Weather Seal | Stop Mold | 9' Chocolate,BD,17.00,45.00,$6.10,Weather Seal,FALSE,
0650771,Weather Seal | Stop Mold | 9' Sandtone,BD,66.00,45.00,$6.10,Weather Seal,FALSE,
0650734,Weather Seal | Stop Mold | 9' White,BD,43.00,45.00,$6.10,Weather Seal,FALSE,
0650839,Weather Seal | Stop Mole | 9' Iron Ore,,0.00,0.00,$12.68,Weather Seal,FALSE,
0650755,Weather Seal | Stop Mold | 9' Almond,,0.00,0.00,$6.10,Weather Seal,FALSE,
0650796,Weather Seal | Stop Mold | 9' Bronze,,0.00,0.00,$12.68,Weather Seal,FALSE,
0650150,Weather Seal | Stop Mold | 9' Charcoal,,0.00,0.00,$6.10,Weather Seal,FALSE,
0650801,Weather Seal | Stop Mold | 9' Cherry Finish,,0.00,0.00,$12.68,Weather Seal,FALSE,
0650785,Weather Seal | Stop Mold | 9' Dark Finish,,0.00,0.00,$12.68,Weather Seal,FALSE,
0650763,Weather Seal | Stop Mold | 9' Desert Tan,,0.00,0.00,$6.10,Weather Seal,FALSE,
0650748,Weather Seal | Stop Mold | 9' Gray,,0.00,0.00,$6.10,Weather Seal,FALSE,
0650779,Weather Seal | Stop Mold | 9' Medium Finish,,0.00,0.00,$12.68,Weather Seal,FALSE,
0650824,Weather Seal | Stop Mold | 9' Slate Finish,,0.00,0.00,$12.68,Weather Seal,FALSE,
0650789,Weather Seal | Stop Mold | 7' Walnut Finish,,0.00,0.00,$9.86,Weather Seal,FALSE,
0650822,Weather Seal | Stop Mold | 7' Slate Finish,,0.00,0.00,$9.86,Weather Seal,FALSE,
0650809,Weather Seal | Stop Mold | 7' Mocha,,0.00,0.00,$9.86,Weather Seal,FALSE,
0650777,Weather Seal | Stop Mold | 7' Medium Finish,,0.00,0.00,$9.86,Weather Seal,FALSE,
0650746,Weather Seal | Stop Mold | 7' Gray,,0.00,0.00,$4.79,Weather Seal,FALSE,
0650761,Weather Seal | Stop Mold | 7' Desert Tan,,47.00,0.00,$4.79,Weather Seal,FALSE,
0650783,Weather Seal | Stop Mold | 7' Dark Finish,,0.00,0.00,$9.86,Weather Seal,FALSE,
0650799,Weather Seal | Stop Mold | 7' Cherry Finish,,0.00,0.00,$9.86,Weather Seal,FALSE,
0650148,Weather Seal | Stop Mold | 7' Charcoal,,0.00,0.00,$4.79,Weather Seal,FALSE,
0650794,Weather Seal | Stop Mold | 7' Bronze,,0.00,0.00,$4.79,Weather Seal,FALSE,
0650753,Weather Seal | Stop Mold | 7' Almond,,0.00,0.00,$4.79,Weather Seal,FALSE,
0650837,Weather Seal | Stop Mold |7'  Iron Ore,,0.00,0.00,$9.86,Weather Seal,FALSE,
0650832,Weather Seal | Stop Mold | 7' Black,BD,38.00,60.00,$9.76,Weather Seal,FALSE,
0650814,Weather Seal | Stop Mold | 7' Chocolate,BD,87.00,60.00,$4.79,Weather Seal,FALSE,
0650769,Weather Seal | Stop Mold | 7' Sandtone,BD,42.00,60.00,$4.79,Weather Seal,FALSE,
0650732,Weather Seal | Stop Mold | 7' White,BD,41.00,60.00,$4.79,Weather Seal,FALSE,
0650815,Weather Seal | Stop Mold | 8' Chocolate,,0.00,0.00,$5.47,Weather Seal,FALSE,
0650149,Weather Seal | Stop Mold | 8' Charcoal,,0.00,0.00,$5.47,Weather Seal,FALSE,
0650800,Weather Seal | Stop Mold | 8' Cherry Finish,,0.00,0.00,$11.28,Weather Seal,FALSE,
0650784,Weather Seal | Stop Mold | 8' Dark Finish,,0.00,0.00,$11.28,Weather Seal,FALSE,
0650810,Weather Seal | Stop Mold | 8' Mocha,,0.00,0.00,$11.28,Weather Seal,FALSE,
0650790,Weather Seal | Stop Mold | 8' Walnut Finish,,0.00,0.00,$11.28,Weather Seal,FALSE,
0650795,Weather Seal | Stop Mold | 8' Bronze,,0.00,0.00,$5.47,Weather Seal,FALSE,
0650778,Weather Seal | Stop Mold | 8' Medium Finish,,0.00,0.00,$11.28,Weather Seal,FALSE,
0650838,Weather Seal | Stop Mold | 8' Iron Ore,,0.00,0.00,$11.28,Weather Seal,FALSE,
0650747,Weather Seal | Stop Mold | 8' Gray,,0.00,0.00,$11.28,Weather Seal,FALSE,
0650770,Weather Seal | Stop Mold | 8' Sandtone,,0.00,0.00,$5.47,Weather Seal,FALSE,
0650733,Weather Seal | Stop Mold | 8' White,,0.00,0.00,$5.47,Weather Seal,FALSE,
0650833,Weather Seal | Stop Mold | 8' Black,,0.00,0.00,$11.28,Weather Seal,FALSE,
0650735,Weather Seal | Stop Mold | 10' White,,0.00,0.00,$6.84,Weather Seal,FALSE,
0650786,Weather Seal | Stop Mold | 10' Dark Finish,,0.00,0.00,$14.09,Weather Seal,FALSE,
0650780,Weather Seal | Stop Mold | 10' Medium Finish,,0.00,0.00,$14.09,Weather Seal,FALSE,
0650772,Weather Seal | Stop Mold | 10' Sandtone,,0.00,0.00,$14.09,Weather Seal,FALSE,
,Weather Seal | Stop Mold | 10' Black,,0.00,0.00,$14.09,Weather Seal,FALSE,
0650819,Weather Seal | Stop Mold | 10' Chocolate,,0.00,0.00,$6.84,Weather Seal,FALSE,
0650756,Weather Seal | Stop Mold | 10' Almond ,,0.00,0.00,$6.84,Weather Seal,FALSE,
,Weather Seal | Stop Mold | 10' Charcoal,,0.00,0.00,$6.84,Weather Seal,FALSE,
,Weather Seal | Stop Mold | 10' Iron Ore,,0.00,0.00,$14.09,Weather Seal,FALSE,
,Weather Seal | Stop Mold | 10' Cherry Finish,,0.00,0.00,$14.09,Weather Seal,FALSE,
,Weather Seal | Stop Mold | 10' Walnut Finish,,0.00,0.00,$14.09,Weather Seal,FALSE,
,Weather Seal | Stop Mold | 10' Mocha,,0.00,0.00,$14.09,Weather Seal,FALSE,
0650747,Weather Seal | Stop Mold | 10' Gray ,,0.00,0.00,$14.09,Weather Seal,FALSE,
,Weather Seal | Stop Mold | 10' Bronze ,,0.00,0.00,$14.09,Weather Seal,FALSE,
0650764,Weather Seal | Stop Mold | 10' Desert Tan ,,0.00,,$14.09,Weather Seal,FALSE,
0650798,Weather Seal | Stop Mold | 18' Bronze ,,10.00,10.00,$12.33,Weather Seal,FALSE,
0650836,Weather Seal | Stop Mold | 18' Black ,BE,61.00,45.00,$25.11,Weather Seal,FALSE,
0650818,Weather Seal | Stop Mold | 18' Chocolate ,BE,18.00,45.00,$12.21,Weather Seal,FALSE,
0650788,Weather Seal | Stop Mold | 18' Dark Finish ,AP,15.00,10.00,$25.36,Weather Seal,FALSE,
0650760,Weather Seal | Stop Mold | 18' Almond ,AP,0.00,10.00,$12.33,Weather Seal,FALSE,
0650841,Weather Seal | Stop Mold | 18' Iron Ore,,0.00,,$25.11,Weather Seal,FALSE,
0650752,Weather Seal | Stop Mold | 18' Gray ,,28.00,10.00,$12.33,Weather Seal,FALSE,
0650782,Weather Seal | Stop Mold | 18' Medium Finish ,AP,12.00,10.00,$25.36,Weather Seal,FALSE,
0650776,Weather Seal | Stop Mold | 18' Sandtone ,BE,13.00,45.00,$12.21,Weather Seal,FALSE,
0650768,Weather Seal | Stop Mold | 18' Desert Tan ,,45.00,,$12.33,Weather Seal,FALSE,
0650739,Weather Seal | Stop Mold | 18' White ,BE,41.00,45.00,$12.21,Weather Seal,FALSE,
0650793,Weather Seal | Stop Mold | 18' Walnut Finish ,AP,0.00,10.00,$25.36,Weather Seal,FALSE,
0650813,Weather Seal | Stop Mold | 18' Mocha,,0.00,,$25.36,Weather Seal,FALSE,
0650826,Weather Seal | Stop Mold | 18' Slate Finish ,,0.00,,$25.36,Weather Seal,FALSE,
0650151,Weather Seal | Stop Mold | 16' Charcoal,,0.00,,$10.84,Weather Seal,FALSE,
0650759,Weather Seal | Stop Mold | 16' Iron Ore,,0.00,,$22.31,Weather Seal,FALSE,
0650759,Weather Seal | Stop Mold | 16' Almond,,0.00,,$10.95,Weather Seal,FALSE,
0650802,Weather Seal | Stop Mold | 16' Cherry Finish,,0.00,,$20.09,Weather Seal,FALSE,
0650787,Weather Seal | Stop Mold | 16' Dark Finish,,0.00,,$20.09,Weather Seal,FALSE,
0650767,Weather Seal | Stop Mold | 16' Desert Tan,,54.00,,$10.84,Weather Seal,FALSE,
0650751,Weather Seal | Stop Mold | 16' Gray,,0.00,,$10.84,Weather Seal,FALSE,
0650781,Weather Seal | Stop Mold | 16' Medium Finish,,0.00,,$20.09,Weather Seal,FALSE,
0650812,Weather Seal | Stop Mold | 16' Mocha,,0.00,,$22.54,Weather Seal,FALSE,
0650825,Weather Seal | Stop Mold | 16' Slate Finish,,0.00,,$20.09,Weather Seal,FALSE,
0650835,Weather Seal | Stop Mold | 16' Black ,BE,29.00,45.00,$22.31,Weather Seal,FALSE,
0650817,Weather Seal | Stop Mold | 16' Chocolate ,BE,42.00,45.00,$10.84,Weather Seal,FALSE,
0650775,Weather Seal | Stop Mold | 16' Sandtone ,BE,40.00,45.00,$10.84,Weather Seal,FALSE,
0650738,Weather Seal | Stop Mold | 16' White,BE,29.00,45.00,$10.84,Weather Seal,FALSE,
0650762,Weather Seal | Stop Mold | 8' Desert Tan ,,0.00,,$5.47,,FALSE,
0650803,Weather Seal | Stop Mold | 18' Cherry Finish,,0.00,,,,FALSE,
0650152,Weather Seal | Stop Mold | 18' Charcoal ,,0.00,,$12.33,,FALSE,
